{
    "states": [
        "exon",
        "intron"
    ],
    "transitions": {
        "exon": {
            "exon": 0.99,
            "intron": 0.01
        },
        "intron": {
            "intron": 0.98,
            "exon": 0.02
        }
    },
    "emissions": {
        "exon": {
            "AAAA": 0.37285,
            "AAAC": 0.160081,
            "AAAG": 0.166175,
            "AAAT": 0.300895,
            "AACA": 0.333007,
            "AACC": 0.167646,
            "AACG": 0.174282,
            "AACT": 0.325065,
            "AAGA": 0.394896,
            "AAGC": 0.209819,
            "AAGG": 0.174946,
            "AAGT": 0.220339,
            "AATA": 0.221107,
            "AATC": 0.198247,
            "AATG": 0.250889,
            "AATT": 0.329756,
            "ACAA": 0.44072,
            "ACAC": 0.159327,
            "ACAG": 0.160028,
            "ACAT": 0.239925,
            "ACCA": 0.415778,
            "ACCC": 0.157589,
            "ACCG": 0.223299,
            "ACCT": 0.203334,
            "ACGA": 0.377445,
            "ACGC": 0.173653,
            "ACGG": 0.212774,
            "ACGT": 0.236128,
            "ACTA": 0.196876,
            "ACTC": 0.230442,
            "ACTG": 0.239091,
            "ACTT": 0.333592,
            "AGAA": 0.44494,
            "AGAC": 0.150085,
            "AGAG": 0.172406,
            "AGAT": 0.232568,
            "AGCA": 0.305242,
            "AGCC": 0.217883,
            "AGCG": 0.13258,
            "AGCT": 0.344296,
            "AGGA": 0.560299,
            "AGGC": 0.179846,
            "AGGG": 0.102169,
            "AGGT": 0.157686,
            "AGTA": 0.177331,
            "AGTC": 0.202715,
            "AGTG": 0.226512,
            "AGTT": 0.393443,
            "ATAA": 0.392408,
            "ATAC": 0.179421,
            "ATAG": 0.077871,
            "ATAT": 0.350299,
            "ATCA": 0.352061,
            "ATCC": 0.183924,
            "ATCG": 0.202409,
            "ATCT": 0.261606,
            "ATGA": 0.31381,
            "ATGC": 0.201143,
            "ATGG": 0.252381,
            "ATGT": 0.232667,
            "ATTA": 0.159109,
            "ATTC": 0.24892,
            "ATTG": 0.207355,
            "ATTT": 0.384615,
            "CAAA": 0.321569,
            "CAAC": 0.204758,
            "CAAG": 0.200614,
            "CAAT": 0.273059,
            "CACA": 0.293103,
            "CACC": 0.272085,
            "CACG": 0.153859,
            "CACT": 0.280952,
            "CAGA": 0.338868,
            "CAGC": 0.267198,
            "CAGG": 0.138258,
            "CAGT": 0.255676,
            "CATA": 0.150101,
            "CATC": 0.30426,
            "CATG": 0.202005,
            "CATT": 0.343634,
            "CCAA": 0.361758,
            "CCAC": 0.210916,
            "CCAG": 0.203511,
            "CCAT": 0.223815,
            "CCCA": 0.423186,
            "CCCC": 0.174364,
            "CCCG": 0.206409,
            "CCCT": 0.196041,
            "CCGA": 0.340176,
            "CCGC": 0.222874,
            "CCGG": 0.191969,
            "CCGT": 0.244981,
            "CCTA": 0.182403,
            "CCTC": 0.278016,
            "CCTG": 0.231283,
            "CCTT": 0.308298,
            "CGAA": 0.323059,
            "CGAC": 0.195305,
            "CGAG": 0.20337,
            "CGAT": 0.278266,
            "CGCA": 0.242796,
            "CGCC": 0.318036,
            "CGCG": 0.146745,
            "CGCT": 0.292423,
            "CGGA": 0.507321,
            "CGGC": 0.176984,
            "CGGG": 0.110712,
            "CGGT": 0.204983,
            "CGTA": 0.133458,
            "CGTC": 0.316469,
            "CGTG": 0.24214,
            "CGTT": 0.307933,
            "CTAA": 0.241325,
            "CTAC": 0.337894,
            "CTAG": 0.096173,
            "CTAT": 0.324608,
            "CTCA": 0.300479,
            "CTCC": 0.230146,
            "CTCG": 0.201424,
            "CTCT": 0.267951,
            "CTGA": 0.273796,
            "CTGC": 0.26204,
            "CTGG": 0.214873,
            "CTGT": 0.249292,
            "CTTA": 0.123164,
            "CTTC": 0.35781,
            "CTTG": 0.223409,
            "CTTT": 0.295616,
            "GAAA": 0.360079,
            "GAAC": 0.145966,
            "GAAG": 0.255514,
            "GAAT": 0.238441,
            "GACA": 0.325231,
            "GACC": 0.166253,
            "GACG": 0.259404,
            "GACT": 0.249113,
            "GAGA": 0.36435,
            "GAGC": 0.237813,
            "GAGG": 0.21944,
            "GAGT": 0.178397,
            "GATA": 0.200999,
            "GATC": 0.214211,
            "GATG": 0.2835,
            "GATT": 0.30129,
            "GCAA": 0.399409,
            "GCAC": 0.176338,
            "GCAG": 0.209521,
            "GCAT": 0.214732,
            "GCCA": 0.387505,
            "GCCC": 0.159511,
            "GCCG": 0.276084,
            "GCCT": 0.1769,
            "GCGA": 0.386379,
            "GCGC": 0.163655,
            "GCGG": 0.24114,
            "GCGT": 0.208826,
            "GCTA": 0.147815,
            "GCTC": 0.319623,
            "GCTG": 0.283776,
            "GCTT": 0.248786,
            "GGAA": 0.336261,
            "GGAC": 0.149223,
            "GGAG": 0.255919,
            "GGAT": 0.258597,
            "GGCA": 0.279042,
            "GGCC": 0.186533,
            "GGCG": 0.195026,
            "GGCT": 0.339399,
            "GGGA": 0.502903,
            "GGGC": 0.182671,
            "GGGG": 0.139348,
            "GGGT": 0.175078,
            "GGTA": 0.143826,
            "GGTC": 0.215444,
            "GGTG": 0.314766,
            "GGTT": 0.325965,
            "GTAA": 0.277588,
            "GTAC": 0.239843,
            "GTAG": 0.122149,
            "GTAT": 0.360419,
            "GTCA": 0.329498,
            "GTCC": 0.168993,
            "GTCG": 0.250094,
            "GTCT": 0.251415,
            "GTGA": 0.278935,
            "GTGC": 0.21699,
            "GTGG": 0.272233,
            "GTGT": 0.231842,
            "GTTA": 0.156486,
            "GTTC": 0.258296,
            "GTTG": 0.25088,
            "GTTT": 0.334339,
            "TAAA": 0.434137,
            "TAAC": 0.133811,
            "TAAG": 0.101629,
            "TAAT": 0.330423,
            "TACA": 0.333576,
            "TACC": 0.183904,
            "TACG": 0.186453,
            "TACT": 0.296067,
            "TAGA": 0.384789,
            "TAGC": 0.220914,
            "TAGG": 0.089633,
            "TAGT": 0.304663,
            "TATA": 0.162677,
            "TATC": 0.199021,
            "TATG": 0.222416,
            "TATT": 0.415887,
            "TCAA": 0.414364,
            "TCAC": 0.164174,
            "TCAG": 0.149472,
            "TCAT": 0.27199,
            "TCCA": 0.425559,
            "TCCC": 0.149581,
            "TCCG": 0.190363,
            "TCCT": 0.234497,
            "TCGA": 0.343543,
            "TCGC": 0.201553,
            "TCGG": 0.182781,
            "TCGT": 0.272124,
            "TCTA": 0.166812,
            "TCTC": 0.286284,
            "TCTG": 0.221445,
            "TCTT": 0.325459,
            "TGAA": 0.404948,
            "TGAC": 0.146034,
            "TGAG": 0.142027,
            "TGAT": 0.306991,
            "TGCA": 0.28777,
            "TGCC": 0.212977,
            "TGCG": 0.123931,
            "TGCT": 0.375322,
            "TGGA": 0.486923,
            "TGGC": 0.181923,
            "TGGG": 0.137436,
            "TGGT": 0.193718,
            "TGTA": 0.1902,
            "TGTC": 0.216442,
            "TGTG": 0.231886,
            "TGTT": 0.361472,
            "TTAA": 0.295162,
            "TTAC": 0.184591,
            "TTAG": 0.085064,
            "TTAT": 0.435183,
            "TTCA": 0.31812,
            "TTCC": 0.196067,
            "TTCG": 0.165816,
            "TTCT": 0.319997,
            "TTGA": 0.301681,